{
	"partials": {
		
		"footer": {
			"backToTop": "Back to top"
		},

		"newsletter": {
			"title": "Join our email list to receive the latest updates",
			"description": "Join our subscribers list to get the latest news, updates and special offers delivered directly in your inbox.",
			"emailAddress": "email address..."
		},
		
		"menu": {
			"menu": "Menu"
		},

		"pagination": {
			"prev": "Previous",
			"next": "Next",
			"viewMore": "View more"
		},

		"shareButtons": {
			"shareWith": "Share with",
			"shareWithFacebook": "Facebook",
			"shareWithTwitter": "Twitter",
			"shareWithPinterest": "Pinterest",
			"shareWithMix": "Mix",
			"shareWithLinkedIn": "LinkedIn",
			"shareWithBuffer": "Buffer",
			"shareWithWhatsApp": "WhatsApp",
			"shareWithPocket": "Pocket"
		}
	
	},

	"common": {
		"home": "Home",
		"featured": "Featured",
		"recentlyAdded": "Recently added",
		"published": "Published on",
		"publishedBy": "by",
		"updated": "Updated on"
	},

	"post": {
		"relatedPosts": "Related posts",
		"updatedOn": "Updated on",
		"postedIn": "Posted in"
	},

	"page": {
		"childPages": "Child pages"
   },

	"tags": {
		"tagsPageTitle": "Tags",
		"description": "Collection of all %s tags",
		"post": {
			"1": "Post",
			"default": "Posts"
	   }
	},

	"author": {
			"visitWebsite": "Visit website",
			"authorOf": "Author of %s",
			"post": {
				"1": "post",
				"default": "posts"
			}
	},
	 
	"error": {
		"404": "404",
		"message": "The page you were looking for appears to have been moved, deleted or does not exist. You could go back to where you were or head straight to our home page.",
		"button": "Go Home"
	},

	"search": {
		"search": "Search",
		"close": "Close",
		"title": "Search"
   }
}